pierwszy_raz,ostatni_raz,dni_na_radarze,data,region,tytul,streszczenie,wplyw,zrodlo,url
2026-09-27,2026-09-27,1,25.09,USA,"Fed pozostaje jastrzębi, rynek wycenia kolejną podwyżkę","Przedstawiciele Fed podtrzymali twardy ton. Szansa podwyżki w październiku ok. 66%. Zamówienia dóbr kapitałowych wyższe od oczekiwań, nastroje konsumentów najniższe od 4 miesięcy.","Wysokie stopy w USA wspierają dolara, co podnosi wartość Twoich aktywów dolarowych w złotówkach.","US Market Report, note.com",https://note.com/hirokimiyano/n/n774f197d2568?hl=en
2026-09-27,2026-09-28,2,25.09,Bliski Wschód,Iran proponuje otwarcie cieśniny Ormuz w ciągu 7 dni,"Minister spraw zagranicznych Iranu wezwał USA do powrotu do tymczasowego porozumienia pokojowego; warunkiem jest zniesienie blokady morskiej i odmrożenie aktywów. Brent spadł o 2,1%, do ok. 104,3 USD.",Niższa ropa to mniejsza presja inflacyjna. Sygnał „ropa > 120 USD” oddala się.,Trading Economics,https://tradingeconomics.com/commodity/brent-crude-oil
2026-09-27,2026-09-27,1,26.09,USA–Chiny,Obniżka ceł na towary za 30 mld USD po wizycie Xi,"USA tną cła m.in. na AGD, zabawki i foteliki samochodowe, Chiny na produkty rolne, owoce morza i sprzęt medyczny. Chiny mają kupować 10 mln ton amerykańskiego węgla rocznie w latach 2027–2028; powstaje kanał rozmów o incydentach z AI.","Mniejsze napięcie handlowe sprzyja aktywom ryzykownym, w tym krypto.",Axios,https://www.axios.com/2026/09/26/us-china-tariffs-trade-30-billion
2026-09-27,2026-09-27,1,9.09,Polska,"RPP utrzymała stopy na 3,75%","Inflacja w sierpniu wzrosła do 3,4% r/r, blisko górnej granicy celu. Ekonomiści ING nie spodziewają się obniżek przed połową 2027 roku.",EDO (inflacja + 2%) i ROR zachowują wysokie oprocentowanie.,finwire.pl,https://finwire.pl/artykuly/stopy-procentowe-rpp-wrzesien-2026-375-inflacja-34-koniec-obnizki
2026-09-27,2026-09-27,1,27.09,Europa,Szwajcarzy odrzucili w referendum inicjatywę o neutralności,W Hiszpanii masowe protesty po eksmisji 87-letniej lokatorki; premier Sánchez zapowiada reformę mieszkaniową.,Bez bezpośredniego wpływu na portfel.,Euronews,https://www.euronews.com/top-news-stories-today
2026-09-27,2026-09-27,1,26.09,Ukraina–Rosja,USA proponują trójstronne rozmowy w Zjednoczonych Emiratach,"W atakach z obu stron zginęło co najmniej 10 osób; Ukraina uderzyła w rafinerie w Kraju Krasnodarskim. Zełenski czeka na propozycję terminu, Ławrow zarzuca Europie torpedowanie rozmów.",Postęp rozmów obniżyłby premię za ryzyko w Europie i na rynku paliw.,Al Jazeera,https://www.aljazeera.com/news/2026/9/26/at-least-10-people-killed-in-russian-and-ukrainian-attacks
2026-09-28,2026-09-28,1,26.09,Krypto,"ETF-y na BTC: 2,4 mld USD napływu w tydzień, bilans roku na plusie","W tygodniu do 25.09 spotowe ETF-y na bitcoina przyjęły najwięcej od października 2025; bilans 2026 wynosi +934 mln USD (w lipcu −5,8 mld). ETF-y na ether zebrały 690 mln USD.",Popyt instytucjonalny wspiera BTC i ETH mimo jastrzębiego Fed.,The Block,https://www.theblock.co/news/markets/2026-09-26-bitcoin-etfs-turn-positive-for-2026-with-2-4-billion-weekly-inflow-their-largest-since-october-416944
2026-09-28,2026-09-28,1,27.09,USA,Kontrakty na indeksy w dół; w tym tygodniu inflacja PCE i raport o pracy,"Kontrakty na S&P 500 −0,3%, na Nasdaq −0,6% po piątkowych wzrostach (S&P 500 7 743 pkt). W środę inflacja PCE za sierpień, pod koniec tygodnia raport z rynku pracy za wrzesień.","Raport o pracy zaktualizuje sygnał bezrobocia (próg 4,6%); wysoki odczyt PCE wzmocniłby scenariusz podwyżki.",Stocktwits,https://stocktwits.com/news-articles/markets/equity/dow-s-and-p-500-nasdaq-futures-fall-as-brent-tops-106-after-trump-rejects-iran-proposal-mu-slv-qnt-meta-in-focus/cZMSLOqRBfL
2026-09-28,2026-09-28,1,28.09,USA,"Rentowność 10-latek USA 5,21%, najwyżej od 2007 roku","2-latki 4,91%. Rynek wycenia ok. 66% szans na podwyżkę stóp Fed 28 października po mocnych zamówieniach dóbr kapitałowych i rosnących oczekiwaniach inflacyjnych.","Wysokie stopy w USA wspierają dolara (plus dla USDC w złotówkach) i podnoszą koszt pieniądza dla aktywów ryzykownych, w tym BTC i ETH.",Trading Economics,https://tradingeconomics.com/united-states/government-bond-yield
2026-09-28,2026-09-28,1,26.09,Bliski Wschód,Trump odrzucił irańską propozycję otwarcia cieśniny Ormuz,"Iran chciał w zamian m.in. zniesienia blokady portów, zwolnienia z sankcji na ropę i odmrożenia ok. 12 mld USD aktywów. Minister Araghczi zapowiada, że Teheran nie złagodzi warunków; Trump spodziewa się dalszych rozmów w tym tygodniu.","Dłuższa blokada Ormuzu utrzymuje drogą ropę i presję inflacyjną, co zwykle ciąży krypto i metalom przez wyższe stopy.",Al Jazeera,https://www.aljazeera.com/news/2026/9/27/better-deal-whats-behind-trumps-rejection-of-irans-truce-offer
2026-09-28,2026-09-28,1,28.09,Metale,"Złoto najniżej od 7 tygodni, srebro traci ok. 3,5%","Złoto spadło do ok. 4 186 USD (−2,3%), srebro do ok. 62 USD za uncję. Szansa podwyżki Fed w październiku wzrosła do 65,9% z 57,6% tydzień wcześniej.",Twoje 110 oz srebra jest warte ok. 3–4% mniej niż w piątek w dolarach; silniejszy dolar częściowo to łagodzi w złotówkach.,FXStreet,https://www.fxstreet.com/news/silver-price-forecast-xag-usd-falls-to-near-6200-amid-fed-rate-hike-odds-202609280322
